Workbook

Sheet Paleta
A1: Juntos Renacemos · Paleta de colores
A2: Edita el HEX (columna C) y se recalculan RGB, luminancia y la hoja Contraste. La muestra (columna B) se colorea a mano.
A4: Nombre | B4: Muestra | C4: HEX | D4: Variable CSS | E4: R | F4: G | G4: B | H4: Luminancia | I4: Grupo | J4: Uso principal
A5: Principal (teal) | C5: #479ea9 | D5: --color-primary | E5: =HEX2DEC(MID(C5,2,2)) -> 71 | F5: =HEX2DEC(MID(C5,4,2)) -> 158 | G5: =HEX2DEC(MID(C5,6,2)) -> 169 | H5: =0.2126*IF(E5/255<=0.03928,E5/255/12.92,((E5/255+0.055)/1.055)^2.4)+0.7152*IF(F5/255<=0.03928,F5/255/12.92,((F5/255+0.055)/1.055)^2.4)+0.0722*IF(G5/255<=0.03928,G5/255/12.92,((G5/255+0.055)/1.055)^2.4) -> 0.28657885 | I5: Principal | J5: Botón por defecto, .hl, foco de inputs, checks, bordes de acento, estadísticas
A6: Principal claro | C6: #7bbcc5 | D6: --color-primary-light | E6: =HEX2DEC(MID(C6,2,2)) -> 123 | F6: =HEX2DEC(MID(C6,4,2)) -> 188 | G6: =HEX2DEC(MID(C6,6,2)) -> 197 | H6: =0.2126*IF(E6/255<=0.03928,E6/255/12.92,((E6/255+0.055)/1.055)^2.4)+0.7152*IF(F6/255<=0.03928,F6/255/12.92,((F6/255+0.055)/1.055)^2.4)+0.0722*IF(G6/255<=0.03928,G6/255/12.92,((G6/255+0.055)/1.055)^2.4) -> 0.44208611 | I6: Principal | J6: Variante clara para hovers y detalles
A7: Principal oscuro | C7: #2a7580 | D7: --color-primary-dark | E7: =HEX2DEC(MID(C7,2,2)) -> 42 | F7: =HEX2DEC(MID(C7,4,2)) -> 117 | G7: =HEX2DEC(MID(C7,6,2)) -> 128 | H7: =0.2126*IF(E7/255<=0.03928,E7/255/12.92,((E7/255+0.055)/1.055)^2.4)+0.7152*IF(F7/255<=0.03928,F7/255/12.92,((F7/255+0.055)/1.055)^2.4)+0.0722*IF(G7/255<=0.03928,G7/255/12.92,((G7/255+0.055)/1.055)^2.4) -> 0.14773333 | I7: Principal | J7: Eslóganes, .eyebrow, hover de botón, hover de enlaces
A8: Principal suave | C8: #e6f3f5 | D8: --color-primary-soft | E8: =HEX2DEC(MID(C8,2,2)) -> 230 | F8: =HEX2DEC(MID(C8,4,2)) -> 243 | G8: =HEX2DEC(MID(C8,6,2)) -> 245 | H8: =0.2126*IF(E8/255<=0.03928,E8/255/12.92,((E8/255+0.055)/1.055)^2.4)+0.7152*IF(F8/255<=0.03928,F8/255/12.92,((F8/255+0.055)/1.055)^2.4)+0.0722*IF(G8/255<=0.03928,G8/255/12.92,((G8/255+0.055)/1.055)^2.4) -> 0.87516751 | I8: Principal | J8: Fondos suaves de secciones
A9: Secundario (azul) | C9: #215196 | D9: --color-secondary | E9: =HEX2DEC(MID(C9,2,2)) -> 33 | F9: =HEX2DEC(MID(C9,4,2)) -> 81 | G9: =HEX2DEC(MID(C9,6,2)) -> 150 | H9: =0.2126*IF(E9/255<=0.03928,E9/255/12.92,((E9/255+0.055)/1.055)^2.4)+0.7152*IF(F9/255<=0.03928,F9/255/12.92,((F9/255+0.055)/1.055)^2.4)+0.0722*IF(G9/255<=0.03928,G9/255/12.92,((G9/255+0.055)/1.055)^2.4) -> 0.084102006 | I9: Secundario | J9: Títulos h1–h6, enlaces, marca del navbar, labels, th de tabla, .btn--outline
A10: Secundario claro | C10: #3a6fb8 | D10: --color-secondary-light | E10: =HEX2DEC(MID(C10,2,2)) -> 58 | F10: =HEX2DEC(MID(C10,4,2)) -> 111 | G10: =HEX2DEC(MID(C10,6,2)) -> 184 | H10: =0.2126*IF(E10/255<=0.03928,E10/255/12.92,((E10/255+0.055)/1.055)^2.4)+0.7152*IF(F10/255<=0.03928,F10/255/12.92,((F10/255+0.055)/1.055)^2.4)+0.0722*IF(G10/255<=0.03928,G10/255/12.92,((G10/255+0.055)/1.055)^2.4) -> 0.15729111 | I10: Secundario | J10: Variante clara del azul
A11: Secundario oscuro | C11: #163768 | D11: --color-secondary-dark | E11: =HEX2DEC(MID(C11,2,2)) -> 22 | F11: =HEX2DEC(MID(C11,4,2)) -> 55 | G11: =HEX2DEC(MID(C11,6,2)) -> 104 | H11: =0.2126*IF(E11/255<=0.03928,E11/255/12.92,((E11/255+0.055)/1.055)^2.4)+0.7152*IF(F11/255<=0.03928,F11/255/12.92,((F11/255+0.055)/1.055)^2.4)+0.0722*IF(G11/255<=0.03928,G11/255/12.92,((G11/255+0.055)/1.055)^2.4) -> 0.03902426 | I11: Secundario | J11: Inicio del gradiente principal, hover de .btn--secondary
A12: Marino | C12: #0e2447 | D12: --color-navy | E12: =HEX2DEC(MID(C12,2,2)) -> 14 | F12: =HEX2DEC(MID(C12,4,2)) -> 36 | G12: =HEX2DEC(MID(C12,6,2)) -> 71 | H12: =0.2126*IF(E12/255<=0.03928,E12/255/12.92,((E12/255+0.055)/1.055)^2.4)+0.7152*IF(F12/255<=0.03928,F12/255/12.92,((F12/255+0.055)/1.055)^2.4)+0.0722*IF(G12/255<=0.03928,G12/255/12.92,((G12/255+0.055)/1.055)^2.4) -> 0.01810047 | I12: Secundario | J12: Franja de pilares, texto sobre acento, inicio del gradiente del hero
A13: Acento (aqua) | C13: #9ad6de | D13: --color-accent | E13: =HEX2DEC(MID(C13,2,2)) -> 154 | F13: =HEX2DEC(MID(C13,4,2)) -> 214 | G13: =HEX2DEC(MID(C13,6,2)) -> 222 | H13: =0.2126*IF(E13/255<=0.03928,E13/255/12.92,((E13/255+0.055)/1.055)^2.4)+0.7152*IF(F13/255<=0.03928,F13/255/12.92,((F13/255+0.055)/1.055)^2.4)+0.0722*IF(G13/255<=0.03928,G13/255/12.92,((G13/255+0.055)/1.055)^2.4) -> 0.60237086 | I13: Acento | J13: Texto destacado sobre fondos oscuros, .btn--accent, selección de texto
A14: Acento oscuro | C14: #6bbcc7 | D14: --color-accent-dark | E14: =HEX2DEC(MID(C14,2,2)) -> 107 | F14: =HEX2DEC(MID(C14,4,2)) -> 188 | G14: =HEX2DEC(MID(C14,6,2)) -> 199 | H14: =0.2126*IF(E14/255<=0.03928,E14/255/12.92,((E14/255+0.055)/1.055)^2.4)+0.7152*IF(F14/255<=0.03928,F14/255/12.92,((F14/255+0.055)/1.055)^2.4)+0.0722*IF(G14/255<=0.03928,G14/255/12.92,((G14/255+0.055)/1.055)^2.4) -> 0.4321576 | I14: Acento | J14: Hover de .btn--accent
A15: Blanco | C15: #ffffff | D15: --color-white | E15: =HEX2DEC(MID(C15,2,2)) -> 255 | F15: =HEX2DEC(MID(C15,4,2)) -> 255 | G15: =HEX2DEC(MID(C15,6,2)) -> 255 | H15: =0.2126*IF(E15/255<=0.03928,E15/255/12.92,((E15/255+0.055)/1.055)^2.4)+0.7152*IF(F15/255<=0.03928,F15/255/12.92,((F15/255+0.055)/1.055)^2.4)+0.0722*IF(G15/255<=0.03928,G15/255/12.92,((G15/255+0.055)/1.055)^2.4) -> 1 | I15: Neutro | J15: Superficies, tarjetas, texto sobre fondos oscuros
A16: Fondo | C16: #f4f9fa | D16: --color-bg | E16: =HEX2DEC(MID(C16,2,2)) -> 244 | F16: =HEX2DEC(MID(C16,4,2)) -> 249 | G16: =HEX2DEC(MID(C16,6,2)) -> 250 | H16: =0.2126*IF(E16/255<=0.03928,E16/255/12.92,((E16/255+0.055)/1.055)^2.4)+0.7152*IF(F16/255<=0.03928,F16/255/12.92,((F16/255+0.055)/1.055)^2.4)+0.0722*IF(G16/255<=0.03928,G16/255/12.92,((G16/255+0.055)/1.055)^2.4) -> 0.93886588 | I16: Neutro | J16: Fondo general de la página (tinte del teal)
... A23: Error | C23: #d64545 | D23: --color-danger | E23: =HEX2DEC(MID(C23,2,2)) -> 214 | F23: =HEX2DEC(MID(C23,4,2)) -> 69 | G23: =HEX2DEC(MID(C23,6,2)) -> 69 | H23: =0.2126*IF(E23/255<=0.03928,E23/255/12.92,((E23/255+0.055)/1.055)^2.4)+0.7152*IF(F23/255<=0.03928,F23/255/12.92,((F23/255+0.055)/1.055)^2.4)+0.0722*IF(G23/255<=0.03928,G23/255/12.92,((G23/255+0.055)/1.055)^2.4) -> 0.18982056 | I23: Estado | J23: Errores de formulario y alertas (funcional)
A25: Nota: la luminancia relativa sigue la fórmula WCAG 2.x (sRGB). Los colores de estado son funcionales y no forman parte de la identidad de marca.

Sheet Contraste
A1: Contraste WCAG entre pares de colores
A2: Los colores se eligen por nombre (deben existir en la hoja Paleta). Mínimos: 4.5:1 texto normal · 3:1 texto grande/negrita grande.
A4: Color de texto | B4: Color de fondo | C4: Uso | D4: Ratio | E4: AA texto normal (≥ 4.5) | F4: AA texto grande (≥ 3) | G4: Lectura
A5: Blanco | B5: Principal (teal) | C5: Botón por defecto (.btn) | D5: =(MAX(INDEX(Paleta!$H$5:$H$23,MATCH(A5,Paleta!$A$5:$A$23,0)),INDEX(Paleta!$H$5:$H$23,MATCH(B5,Paleta!$A$5:$A$23,0)))+0.05)/(MIN(INDEX(Paleta!$H$5:$H$23,MATCH(A5,Paleta!$A$5:$A$23,0)),INDEX(Paleta!$H$5:$H$23,MATCH(B5,Paleta!$A$5:$A$23,0)))+0.05) -> 3.1196256 | E5: =IF(D5>=4.5,"Cumple","No cumple") -> No cumple | F5: =IF(D5>=3,"Cumple","No cumple") -> Cumple | G5: =IF(D5>=4.5,"Apto para cualquier texto",IF(D5>=3,"Solo texto grande o en negrita","No recomendado para texto")) -> Solo texto grande o en negrita
A6: Blanco | B6: Principal oscuro | C6: Hover del botón por defecto | D6: =(MAX(INDEX(Paleta!$H$5:$H$23,MATCH(A6,Paleta!$A$5:$A$23,0)),INDEX(Paleta!$H$5:$H$23,MATCH(B6,Paleta!$A$5:$A$23,0)))+0.05)/(MIN(INDEX(Paleta!$H$5:$H$23,MATCH(A6,Paleta!$A$5:$A$23,0)),INDEX(Paleta!$H$5:$H$23,MATCH(B6,Paleta!$A$5:$A$23,0)))+0.05) -> 5.3101822 | E6: =IF(D6>=4.5,"Cumple","No cumple") -> Cumple | F6: =IF(D6>=3,"Cumple","No cumple") -> Cumple | G6: =IF(D6>=4.5,"Apto para cualquier texto",IF(D6>=3,"Solo texto grande o en negrita","No recomendado para texto")) -> Apto para cualquier texto
A7: Blanco | B7: Secundario (azul) | C7: .btn--secondary, encabezados de tabla | D7: =(MAX(INDEX(Paleta!$H$5:$H$23,MATCH(A7,Paleta!$A$5:$A$23,0)),INDEX(Paleta!$H$5:$H$23,MATCH(B7,Paleta!$A$5:$A$23,0)))+0.05)/(MIN(INDEX(Paleta!$H$5:$H$23,MATCH(A7,Paleta!$A$5:$A$23,0)),INDEX(Paleta!$H$5:$H$23,MATCH(B7,Paleta!$A$5:$A$23,0)))+0.05) -> 7.8298605 | E7: =IF(D7>=4.5,"Cumple","No cumple") -> Cumple | F7: =IF(D7>=3,"Cumple","No cumple") -> Cumple | G7: =IF(D7>=4.5,"Apto para cualquier texto",IF(D7>=3,"Solo texto grande o en negrita","No recomendado para texto")) -> Apto para cualquier texto
A8: Blanco | B8: Secundario oscuro | C8: Hover de .btn--secondary | D8: =(MAX(INDEX(Paleta!$H$5:$H$23,MATCH(A8,Paleta!$A$5:$A$23,0)),INDEX(Paleta!$H$5:$H$23,MATCH(B8,Paleta!$A$5:$A$23,0)))+0.05)/(MIN(INDEX(Paleta!$H$5:$H$23,MATCH(A8,Paleta!$A$5:$A$23,0)),INDEX(Paleta!$H$5:$H$23,MATCH(B8,Paleta!$A$5:$A$23,0)))+0.05) -> 11.794538 | E8: =IF(D8>=4.5,"Cumple","No cumple") -> Cumple | F8: =IF(D8>=3,"Cumple","No cumple") -> Cumple | G8: =IF(D8>=4.5,"Apto para cualquier texto",IF(D8>=3,"Solo texto grande o en negrita","No recomendado para texto")) -> Apto para cualquier texto
A9: Secundario (azul) | B9: Blanco | C9: Títulos h1–h6, enlaces, labels | D9: =(MAX(INDEX(Paleta!$H$5:$H$23,MATCH(A9,Paleta!$A$5:$A$23,0)),INDEX(Paleta!$H$5:$H$23,MATCH(B9,Paleta!$A$5:$A$23,0)))+0.05)/(MIN(INDEX(Paleta!$H$5:$H$23,MATCH(A9,Paleta!$A$5:$A$23,0)),INDEX(Paleta!$H$5:$H$23,MATCH(B9,Paleta!$A$5:$A$23,0)))+0.05) -> 7.8298605 | E9: =IF(D9>=4.5,"Cumple","No cumple") -> Cumple | F9: =IF(D9>=3,"Cumple","No cumple") -> Cumple | G9: =IF(D9>=4.5,"Apto para cualquier texto",IF(D9>=3,"Solo texto grande o en negrita","No recomendado para texto")) -> Apto para cualquier texto
A10: Principal oscuro | B10: Blanco | C10: Eslóganes y .eyebrow sobre fondo blanco | D10: =(MAX(INDEX(Paleta!$H$5:$H$23,MATCH(A10,Paleta!$A$5:$A$23,0)),INDEX(Paleta!$H$5:$H$23,MATCH(B10,Paleta!$A$5:$A$23,0)))+0.05)/(MIN(INDEX(Paleta!$H$5:$H$23,MATCH(A10,Paleta!$A$5:$A$23,0)),INDEX(Paleta!$H$5:$H$23,MATCH(B10,Paleta!$A$5:$A$23,0)))+0.05) -> 5.3101822 | E10: =IF(D10>=4.5,"Cumple","No cumple") -> Cumple | F10: =IF(D10>=3,"Cumple","No cumple") -> Cumple | G10: =IF(D10>=4.5,"Apto para cualquier texto",IF(D10>=3,"Solo texto grande o en negrita","No recomendado para texto")) -> Apto para cualquier texto
A11: Principal (teal) | B11: Blanco | C11: Palabra resaltada (.hl) en títulos grandes | D11: =(MAX(INDEX(Paleta!$H$5:$H$23,MATCH(A11,Paleta!$A$5:$A$23,0)),INDEX(Paleta!$H$5:$H$23,MATCH(B11,Paleta!$A$5:$A$23,0)))+0.05)/(MIN(INDEX(Paleta!$H$5:$H$23,MATCH(A11,Paleta!$A$5:$A$23,0)),INDEX(Paleta!$H$5:$H$23,MATCH(B11,Paleta!$A$5:$A$23,0)))+0.05) -> 3.1196256 | E11: =IF(D11>=4.5,"Cumple","No cumple") -> No cumple | F11: =IF(D11>=3,"Cumple","No cumple") -> Cumple | G11: =IF(D11>=4.5,"Apto para cualquier texto",IF(D11>=3,"Solo texto grande o en negrita","No recomendado para texto")) -> Solo texto grande o en negrita
A12: Marino | B12: Acento (aqua) | C12: Texto sobre .btn--accent y .badge--accent | D12: =(MAX(INDEX(Paleta!$H$5:$H$23,MATCH(A12,Paleta!$A$5:$A$23,0)),INDEX(Paleta!$H$5:$H$23,MATCH(B12,Paleta!$A$5:$A$23,0)))+0.05)/(MIN(INDEX(Paleta!$H$5:$H$23,MATCH(A12,Paleta!$A$5:$A$23,0)),INDEX(Paleta!$H$5:$H$23,MATCH(B12,Paleta!$A$5:$A$23,0)))+0.05) -> 9.5795354 | E12: =IF(D12>=4.5,"Cumple","No cumple") -> Cumple | F12: =IF(D12>=3,"Cumple","No cumple") -> Cumple | G12: =IF(D12>=4.5,"Apto para cualquier texto",IF(D12>=3,"Solo texto grande o en negrita","No recomendado para texto")) -> Apto para cualquier texto
A13: Texto | B13: Fondo | C13: Texto corrido sobre fondo de página | D13: =(MAX(INDEX(Paleta!$H$5:$H$23,MATCH(A13,Paleta!$A$5:$A$23,0)),INDEX(Paleta!$H$5:$H$23,MATCH(B13,Paleta!$A$5:$A$23,0)))+0.05)/(MIN(INDEX(Paleta!$H$5:$H$23,MATCH(A13,Paleta!$A$5:$A$23,0)),INDEX(Paleta!$H$5:$H$23,MATCH(B13,Paleta!$A$5:$A$23,0)))+0.05) -> 14.807538 | E13: =IF(D13>=4.5,"Cumple","No cumple") -> Cumple | F13: =IF(D13>=3,"Cumple","No cumple") -> Cumple | G13: =IF(D13>=4.5,"Apto para cualquier texto",IF(D13>=3,"Solo texto grande o en negrita","No recomendado para texto")) -> Apto para cualquier texto
A14: Texto atenuado | B14: Blanco | C14: Texto secundario en tarjetas | D14: =(MAX(INDEX(Paleta!$H$5:$H$23,MATCH(A14,Paleta!$A$5:$A$23,0)),INDEX(Paleta!$H$5:$H$23,MATCH(B14,Paleta!$A$5:$A$23,0)))+0.05)/(MIN(INDEX(Paleta!$H$5:$H$23,MATCH(A14,Paleta!$A$5:$A$23,0)),INDEX(Paleta!$H$5:$H$23,MATCH(B14,Paleta!$A$5:$A$23,0)))+0.05) -> 5.9352431 | E14: =IF(D14>=4.5,"Cumple","No cumple") -> Cumple | F14: =IF(D14>=3,"Cumple","No cumple") -> Cumple | G14: =IF(D14>=4.5,"Apto para cualquier texto",IF(D14>=3,"Solo texto grande o en negrita","No recomendado para texto")) -> Apto para cualquier texto
A15: Acento (aqua) | B15: Marino | C15: Acentos sobre franja de pilares oscura | D15: =(MAX(INDEX(Paleta!$H$5:$H$23,MATCH(A15,Paleta!$A$5:$A$23,0)),INDEX(Paleta!$H$5:$H$23,MATCH(B15,Paleta!$A$5:$A$23,0)))+0.05)/(MIN(INDEX(Paleta!$H$5:$H$23,MATCH(A15,Paleta!$A$5:$A$23,0)),INDEX(Paleta!$H$5:$H$23,MATCH(B15,Paleta!$A$5:$A$23,0)))+0.05) -> 9.5795354 | E15: =IF(D15>=4.5,"Cumple","No cumple") -> Cumple | F15: =IF(D15>=3,"Cumple","No cumple") -> Cumple | G15: =IF(D15>=4.5,"Apto para cualquier texto",IF(D15>=3,"Solo texto grande o en negrita","No recomendado para texto")) -> Apto para cualquier texto
A16: Blanco | B16: Marino | C16: Texto sobre franja de pilares y hero | D16: =(MAX(INDEX(Paleta!$H$5:$H$23,MATCH(A16,Paleta!$A$5:$A$23,0)),INDEX(Paleta!$H$5:$H$23,MATCH(B16,Paleta!$A$5:$A$23,0)))+0.05)/(MIN(INDEX(Paleta!$H$5:$H$23,MATCH(A16,Paleta!$A$5:$A$23,0)),INDEX(Paleta!$H$5:$H$23,MATCH(B16,Paleta!$A$5:$A$23,0)))+0.05) -> 15.418396 | E16: =IF(D16>=4.5,"Cumple","No cumple") -> Cumple | F16: =IF(D16>=3,"Cumple","No cumple") -> Cumple | G16: =IF(D16>=4.5,"Apto para cualquier texto",IF(D16>=3,"Solo texto grande o en negrita","No recomendado para texto")) -> Apto para cualquier texto
... A18: Principal oscuro | B18: Fondo | C18: Eslóganes sobre el fondo general | D18: =(MAX(INDEX(Paleta!$H$5:$H$23,MATCH(A18,Paleta!$A$5:$A$23,0)),INDEX(Paleta!$H$5:$H$23,MATCH(B18,Paleta!$A$5:$A$23,0)))+0.05)/(MIN(INDEX(Paleta!$H$5:$H$23,MATCH(A18,Paleta!$A$5:$A$23,0)),INDEX(Paleta!$H$5:$H$23,MATCH(B18,Paleta!$A$5:$A$23,0)))+0.05) -> 5.0010076 | E18: =IF(D18>=4.5,"Cumple","No cumple") -> Cumple | F18: =IF(D18>=3,"Cumple","No cumple") -> Cumple | G18: =IF(D18>=4.5,"Apto para cualquier texto",IF(D18>=3,"Solo texto grande o en negrita","No recomendado para texto")) -> Apto para cualquier texto
A20: Resumen
A21: Pares evaluados | D21: =COUNTA(A5:A18) -> 14
A22: Cumplen AA texto normal | D22: =COUNTIF(E5:E18,"Cumple") -> 12
A23: Solo texto grande | D23: =COUNTIF(G5:G18,"Solo texto grande o en negrita") -> 2
A24: Peor ratio | D24: =MIN(D5:D18) -> 3.1196256
A25: Mejor ratio | D25: =MAX(D5:D18) -> 16.951358

Sheet Componentes
A1: Asignación de color por componente
A2: Qué color de la paleta usa cada elemento de la librería CSS.
A4: Componente | B4: Clase / selector | C4: Fondo | D4: Texto / borde | E4: Observaciones
A5: Títulos | B5: h1–h6, .h1–.h6 | C5: — | D5: Secundario (azul) | E5: Aceh Black en mayúsculas
A6: Palabra resaltada | B6: .hl, .highlight | C6: — | D6: Principal (teal) | E6: Dentro de un título; .hl-accent usa el aqua sobre fondo oscuro
A7: Eslóganes | B7: .slogan, .tagline | C7: — | D7: Principal oscuro | E7: Futuristic Stylish
A8: Eyebrow | B8: .eyebrow | C8: — | D8: Principal oscuro | E8: Texto superior de sección en mayúsculas
A9: Enlaces | B9: a | C9: — | D9: Secundario (azul) | E9: Hover: Principal oscuro
A10: Botón por defecto | B10: .btn, .btn--primary | C10: Principal (teal) | D10: Blanco | E10: Hover: Principal oscuro
A11: Botón secundario | B11: .btn--secondary | C11: Secundario (azul) | D11: Blanco | E11: Hover: Secundario oscuro
A12: Botón de acento | B12: .btn--accent | C12: Acento (aqua) | D12: Marino | E12: Hover: Acento oscuro
A13: Botón contorno | B13: .btn--outline | C13: Transparente | D13: Secundario (azul) | E13: Hover: relleno azul con texto blanco
A14: Botón contorno claro | B14: .btn--outline-light | C14: Transparente | D14: Blanco | E14: Para hero y fondos oscuros
A15: Navbar | B15: .navbar | C15: Blanco (92%) | D15: Secundario (azul) | E15: Línea activa: Acento
... A18: Tarjeta | B18: .card | C18: Blanco | D18: Texto | E18: Borde superior opcional: Principal (.card--accent-top)
A19: Tarjeta destacada | B19: .card--primary | C19: Gradiente principal | D19: Blanco
A20: Checklist | B20: .checklist__item | C20: Blanco | D20: Principal (teal) | E20: Borde izquierdo y círculo del check en teal
A21: Inputs | B21: .form-control | C21: Blanco | D21: Texto | E21: Foco: borde Principal + halo teal
A22: Etiquetas de formulario | B22: .form-label | C22: — | D22: Secundario (azul) | E22: El asterisco .req usa Error
A23: Encabezado de tabla | B23: .table th | C23: Secundario (azul) | D23: Blanco
A24: Estadísticas | B24: .stat__value | C24: — | D24: Principal (teal)
A25: CTA | B25: .cta | C25: Gradiente principal | D25: Blanco
A26: Footer | B26: .footer | C26: Oscuro (footer) | D26: Blanco (75%) | E26: Eslogan del footer en Acento
A27: Alertas | B27: .alert--success / warning / danger / info | C27: Tinte 10 % del color | D27: Texto | E27: Colores funcionales; info usa el azul secundario

Sheet Fuentes
A1: Sistema tipográfico
A2: Aceh Black y Futuristic Stylish no están en Google Fonts: los archivos deben alojarse en assets/fonts/.
A4: Rol | B4: Fuente | C4: Variable CSS | D4: Se usa en | E4: Origen | F4: Respaldo
A5: Títulos y MAYÚSCULAS | B5: Aceh Black | C5: --font-display | D5: h1–h6, números de pilares, nombre de marca, footer__title | E5: Local: assets/fonts/AcehBlack.woff2 (.woff, .ttf) | F5: Oswald, Impact, Arial Black
A6: Eslóganes y frases | B6: Futuristic Stylish | C6: --font-slogan | D6: .slogan, .tagline, .quote-phrase, .eyebrow, .hero__slogan | E6: Local: assets/fonts/FuturisticStylish.woff2 (.woff, .ttf) | F6: Montserrat, Trebuchet MS
A7: Subtítulos, botones, menú | B7: Montserrat | C7: --font-heading | D7: .btn, .navbar__link, .form-label, .badge, .table th | E7: Google Fonts | F7: Poppins, Segoe UI
A8: Texto corrido | B8: Poppins | C8: --font-body | D8: body, p, inputs | E8: Google Fonts | F8: Segoe UI, system-ui, Roboto
A9: Respaldo de títulos | B9: Oswald | C9: — | D9: Sustituye a Aceh Black si no carga | E9: Google Fonts | F9: —
A10: Código | B10: Monoespaciada del sistema | C10: --font-mono | D10: code, kbd, pre | E10: Sistema | F10: Menlo, Consolas
A13: Escala tipográfica fluida (mín – máx, en rem)
A14: Token | B14: Mínimo (rem) | C14: Máximo (rem) | D14: Uso típico
A15: --fs-xs | B15: 0.75 | C15: 0.8125 | D15: Notas, badges
A16: --fs-sm | B16: 0.875 | C16: 0.9375 | D16: Texto secundario, botones
A17: --fs-base | B17: 1 | C17: 1.0625 | D17: Texto corrido
A18: --fs-md | B18: 1.125 | C18: 1.25 | D18: Lead, subtítulos
A19: --fs-lg | B19: 1.25 | C19: 1.625 | D19: h4, eslóganes pequeños
A20: --fs-xl | B20: 1.5 | C20: 2.125 | D20: h3, slogan
A21: --fs-2xl | B21: 1.875 | C21: 2.875 | D21: slogan--lg
A22: --fs-3xl | B22: 2.25 | C22: 3.75 | D22: h2, CTA
A23: --fs-4xl | B23: 2.75 | C23: 5.25 | D23: h1, hero
